id,name,version
ahfgeienlihckogmohjhadlkjgocpleb,Web Store,0_2
bkfclmjddajodogcbpohgfpdkgdecgmg,Close download bar,1_1_0
cbhilkcodigmigfbnphipnnmamjfkipp,Calendly: Meeting Scheduling Software,2_6_3_0
cfhdojbkjhnklbpkdaibdccddilifddb,Adblock Plus - free ad blocker,3_14_1
cjpalhdlnbpafiamejdnhcphjbkeiagm,uBlock Origin,1_43_0
cpgaheeihidjmolbakklolchdplenjai,IG Downloader,4_6_3
djeegiggegleadkkbgopoonhjimgehda,Headless Recorder,1_1_0
fimgfedafeadlieiabdeeaodndnlbhid,Extensions Reloader,1_15
ghbmnnjooekpmoecnnnilnnbdlolhkhi,Google Docs Offline,1_44_2
gppongmhjkpfnbhagpmjfkannfbllamg,Wappalyzer - Technology profiler,6_10_36
hdokiejnpimakedhajhdlcegeplioahd,LastPass: Free Password Manager,4_99_0_4
kmendfapggjehodndflmmgagdbamhnfd,CryptoTokenExtension,0_9_74
lhobafahddgcelffkeicbaginigeejlf,Allow CORS: Access-Control-Allow-Origin,0_1_8
lmjnegcaeklhafolokijcfjliaokphfk,Video DownloadHelper,7_6_0_0
lpebgcnlaohcgdfhbffjajlnpifdkllg,mail.com MailCheck,6_1_0
mhjfbmdgcfjbbpaeojofohoefgiehjai,Chrome PDF Viewer,1
mladenhccmimkkeonaaefhlkbnepokof,Web Toolbox,0_5
neajdppkdcdipfabeoofebfddakdcjhd,Google Network Speech,1_0
nkeimhogjdpnpccoofpliimaahmaaome,Google Hangouts,1_3_18
nmmhkkegccagdldgiimedpiccmgmieda,Chrome Web Store Payments,1_0_0_6
oeopbcgkkoapgobdbedcemjljbihmemj,Checker Plus for Gmailâ„¢,23_1_1
